1,0.999614644
1,0.997258054
0,0.734368514
1,0.999587405
0,0.995668652
0,0.719668463
0,0.645115863
0,0.448989032
0,0.994251727
0,0.618950274
0,0.439747343
0,0.280818801
1,0.999922491
1,0.999999338
1,0.999999943
1,-1000000000.000000000
0,0.387524465
0,0.269951347
0,0.733175912
0,0.720158528
0,0.329157919
1,0.999766706
0,0.951570930
0,0.886592350
0,0.996062031
0,0.807153180
1,0.999998414
0,0.998297226
0,0.890809562
0,0.889949019
0,0.790830370
0,0.749168577
0,0.501231912
0,0.271888607
1,0.999977296
0,0.979148404
0,0.925762598
0,0.858881818
0,0.988786019
0,0.536882990
1,0.999998139
0,0.939904973
0,0.788561554
0,0.375250591
0,0.993333608
0,0.991835812
0,0.959705429
0,0.937618505
0,0.893019752
0,0.463919054
0,0.405601851
0,0.382997565
0,0.314095328
1,0.998047388
0,0.999956552
0,0.991947997
0,0.654225073
1,0.999963612
1,0.999753745
0,0.532121460
1,0.999762987
1,0.999999345
0,0.941409327
0,0.584033597
0,0.362106904
1,0.999960522
0,0.889774279
0,0.807695097
0,0.570815841
0,0.273622391
1,0.999477456
1,0.998492516
1,0.973663827
1,0.999971531
1,0.999426005
1,0.999585918
0,0.630925132
0,0.286724046
1,0.999879510
0,0.679381786
0,0.399046392
0,0.276277784
1,0.999811534
0,0.620992044
0,0.542822926
0,0.480227543
0,0.471494496
1,0.999998421
1,0.985589397
0,0.952617192
0,0.891572731
0,0.471560440
0,0.986798714
0,0.944251834
0,0.729568803
0,0.728451753
1,0.999987752
0,0.996519913
0,0.940515863
0,0.924557484
0,0.707145851
0,0.561955961
0,0.428447309
1,0.998123382
0,0.930836802
0,0.904458983
0,0.902945215
1,0.999954209
1,-1000000000.000000000
0,0.996587925
0,0.992969898
0,0.396444171
0,0.354492422
0,0.338942421
0,0.334419280
0,0.277325307
1,0.999023611
1,0.995724969
1,0.998751237
0,0.595708370
0,0.323813240
0,0.801308949
1,0.999620883
1,0.999998973
0,0.982630757
0,0.791411804
0,0.713341331
0,0.440176652
0,0.336375113
1,0.999598249
1,0.999958784
1,0.999837550
1,0.997134067
1,0.999710493
1,0.999923162
1,0.926173190
1,0.999994552
0,0.995590399
0,0.836943551
0,0.717633303
0,0.332411146
1,0.704569323
1,-1000000000.000000000
1,0.997751525
0,0.985464052
0,0.554539022
0,0.359636884
0,0.303542447
1,0.999563915
0,0.966667356
0,0.811044145
0,0.393705838
1,0.999513753
1,0.998526666
1,0.999826795
1,0.999940813
1,0.999839576
1,0.999251101
0,0.605535739
0,0.358270278
1,0.999515414
1,0.999544113
0,0.282122695
1,0.999997516
0,0.994308092
0,0.423839796
0,0.391020603
0,0.519284210
0,0.496013143
0,0.902010147
0,0.873160975
0,0.847929641
0,0.842526813
0,0.481370731
0,0.279665349
1,0.999837880
1,0.998228476
1,0.999998979
1,0.999896222
1,0.998702489
0,0.420504769
0,0.988226159
1,0.999995871
1,0.999995678
1,0.999883309
0,0.979480044
0,0.960697578
1,0.999992250
1,0.999255676
0,0.998780553
0,0.943277786
1,0.999999806
0,0.998432148
0,0.993561357
0,0.990434788
0,0.985745596
0,0.893559694
0,0.810134132
0,0.347666001
0,0.321817269
1,0.998416735
0,0.974397971
0,0.930125441
0,0.910069526
0,0.870741328
0,0.869727866
0,0.596881386
0,0.567018324
0,0.552119862
0,0.430206602
0,0.407820425
1,0.999504877
0,0.943723099
0,0.903869824
0,0.888443675
0,0.885899494
0,0.842612892
0,0.830499497
0,0.371488936
0,0.337113164
0,0.999740787
0,0.988775351
0,0.877833961
0,0.521607994
1,0.999856025
0,0.619125579
0,0.589551250
0,0.548837142
0,0.464497324
0,0.376404167
0,0.293332280
1,0.997197560
0,0.912147483
0,0.900949547
0,0.792402293
1,0.999064440
1,0.995182195
0,0.399998398
1,-1000000000.000000000
1,-1000000000.000000000
0,0.930530016
0,0.921454511
0,0.516271084
0,0.416708315
1,-1000000000.000000000
0,0.521576827
0,0.429160323
0,0.886573750
0,0.622061993
1,0.999828290
1,0.921685669
1,0.940957401
1,0.999682473
1,0.999783064
1,0.997306934
0,0.996589914
0,0.984999970
0,0.877019181
0,0.798595020
0,0.280780809
1,0.998792758
1,0.837454128
0,0.765928128
1,-1000000000.000000000
0,0.999999278
0,0.981795246
1,0.999922500
0,0.785294268
0,0.990396414
0,0.985435890
0,0.945447765
1,0.999993226
1,0.999991925
1,0.999951808
0,0.999923151
0,0.999683358
0,0.999441349
0,0.358972118
1,0.996032760
1,0.999972438
1,0.812944919
1,0.998650824
1,0.998463761
0,0.999353581
0,0.999234985
0,0.979861664
0,0.967856255
0,0.950542191
0,0.848158965
0,0.846828685
0,0.845437405
0,0.832086400
0,0.823491959
0,0.813650500
0,0.770484517
0,0.745232111
0,0.603233118
0,0.567768338
0,0.484717594
0,0.325947411
0,0.317759451
0,0.999851508
0,0.997685144
0,0.989304446
0,0.844689155
0,0.616661844
0,0.518189861
0,0.474244880
0,0.361921554
1,0.999229366
1,0.307301786
1,0.999996920
0,0.904111596
0,0.708993068
0,0.704439585
0,0.682287378
0,0.525488314
0,0.474810599
0,0.996995267
0,0.991879990
0,0.983804288
0,0.979801771
0,0.648517006
0,0.920252536
0,0.576168241
0,0.538757858
0,0.500107520
0,0.418223011
0,0.315347309
1,0.999867308
0,0.990854832
0,0.953324460
0,0.674012669
0,0.519089593
1,0.999673480
1,0.999979546
0,0.834069011
0,0.377259893
0,0.317613513
0,0.274642859
1,0.949028648
0,0.552851523
1,-1000000000.000000000
0,0.997451119
0,0.957655611
0,0.807825410
1,0.999909353
0,0.997852736
0,0.969906219
0,0.835638484
0,0.808073425
0,0.659659356
0,0.530329849
1,0.999923963
1,0.999338165
1,0.999998118
1,0.985865850
0,0.725019741
0,0.360089983
1,0.996949385
1,0.999900001
0,0.933013125
1,0.999675689
0,0.997204692
0,0.993221445
0,0.469247104
1,0.930433288
0,0.988339353
0,0.890526362
0,0.594611831
0,0.314425610
0,0.306216250
0,0.290576713
0,0.273738556
0,0.270674929
0,0.811370139
1,0.997978019
1,0.999805472
1,0.999934708
1,0.999947962
0,0.999177912
0,0.996676937
1,0.999863995
0,0.940606235
0,0.847098836
0,0.842147988
0,0.790935562
0,0.429091393
1,0.991904524
0,0.993456264
0,0.770312112
0,0.715795861
0,0.433451516
0,0.291189174
1,0.959450081
1,0.879115959
0,0.838036424
0,0.827186388
0,0.431216096
1,0.999993586
1,0.999916555
1,-1000000000.000000000
0,0.997933918
0,0.997655241
0,0.995849539
0,0.995790543
0,0.995694637
0,0.991256401
0,0.988969599
0,0.978558628
0,0.975037345
0,0.950725999
0,0.919007407
0,0.538556758
0,0.635675874
0,0.626802721
1,0.683358409
1,0.999985188
0,0.996068486
0,0.925124394
0,0.492291831
1,0.996742030
1,0.999943109
0,0.989435484
0,0.679248727
0,0.421968031
0,0.366176173
1,0.999998819
1,0.999118364
0,0.999944282
0,0.999115861
0,0.997975258
0,0.992993764
0,0.505539423
0,0.301848077
0,0.959953594
0,0.864584858
0,0.295902144
1,0.999785703
1,0.999912857
1,0.999991219
1,0.998686271
0,0.975753895
1,0.999998789
0,0.929392512
0,0.892120695
0,0.424477157
0,0.989848580
0,0.674980727
0,0.545341629
0,0.384978183
0,0.330559822
0,0.311094022
0,0.298597470
1,0.998964975
0,0.893633549
0,0.686402696
1,0.999999881
1,0.999936462
0,0.990879367
1,0.999996254
1,0.999914455
0,0.984517328
0,0.485288685
1,0.988200553
0,0.903652084
0,0.897226206
0,0.808412343
0,0.760469598
0,0.551026184
0,0.374863665
0,0.324566570
0,0.983436155
0,0.923291986
0,0.632061402
0,0.331415414
0,0.287956077
0,0.280715957
1,0.999996043
0,0.991143897
0,0.983683913
0,0.959599416
0,0.928670620
0,0.634579264
0,0.996077950
0,0.653598526
0,0.393618992
0,0.273098137
1,0.999563304
1,0.999781830
1,0.999990012
0,0.872644966
1,0.999960746
0,0.307697996
0,0.299983614
0,0.978760649
0,0.934809976
0,0.922845116
0,0.913545217
0,0.778752189
0,0.670249421
0,0.631122196
0,0.609691089
0,0.482034318
0,0.357123037
0,0.338746285
0,0.861965638
0,0.461969778
0,0.969661837
0,0.917478501
0,0.593794000
0,0.520096429
0,0.385256634
0,0.734674063
0,0.291525346
1,0.999995845
0,0.826212895
0,0.293112837
1,0.999999826
1,0.999830400
1,0.999992171
0,0.993873582
0,0.970063301
0,0.775240029
0,0.382879830
1,0.999694768
0,0.364841422
1,0.999994985
0,0.976891971
1,0.998337102
0,0.991241793
0,0.891173580
0,0.720821596
0,0.710847311
0,0.625686290
1,0.999849804
1,0.999897339
1,0.999352702
0,0.976290051
0,0.965194384
0,0.944217912
0,0.865012975
0,0.705410501
1,0.999995245
1,0.996716717
1,0.998667520
0,0.968224386
0,0.865572564
0,0.556191012
0,0.550410680
1,0.999706177
0,0.998015064
0,0.719805818
0,0.365400509
1,0.999870412
1,0.999946363
1,0.998930525
0,0.994452996
0,0.959493134
0,0.823593679
0,0.817170958
0,0.721930774
0,0.687079002
0,0.469849846
0,0.996841754
0,0.313901608
1,0.999844432
1,0.999889442
0,0.999838282
0,0.995487083
0,0.434953679
0,0.995354237
0,0.930717937
0,0.710763501
0,0.697405893
0,0.632858470
0,0.547153600
0,0.353204086
0,0.310413308
0,0.944978525
1,-1000000000.000000000
1,-1000000000.000000000
0,0.999971549
0,0.992897128
0,0.931403943
0,0.899867744
0,0.719204253
0,0.892062771
0,0.832793814
0,0.665938511
0,0.559832855
0,0.332963189
0,0.295600030
0,0.802179594
0,0.994508718
0,0.985195624
0,0.300646716
0,0.952625478
0,0.948565206
0,0.921916860
0,0.859898926
0,0.635333157
0,0.426727830
0,0.361793385
0,0.336428022
1,-1000000000.000000000
0,0.909971989
0,0.894819537
0,0.542327297
0,0.389535426
0,0.291519328
0,0.994726528
0,0.550557218
1,0.999998298
1,0.999017456
1,0.999755930
0,0.336566270
1,0.999097787
1,0.970653682
0,0.854269592
0,0.557749687
1,0.993074191
1,0.999951167
0,0.909813030
0,0.419589886
0,0.415478205
0,0.403274789
1,-1000000000.000000000
1,-1000000000.000000000
1,-1000000000.000000000
1,-1000000000.000000000
1,-1000000000.000000000
1,-1000000000.000000000
0,0.999999685
0,0.999944770
0,0.999864505
0,0.999113948
0,0.999012157
0,0.983574526
0,0.983272371
0,0.979496597
0,0.930259661
0,0.852066672
0,0.774382178
0,0.771252143
0,0.770763675
0,0.460716090
0,0.987191930
0,0.967257938
1,0.985219648
0,0.404444498
1,0.999533423
0,0.972754529
0,0.972651710
0,0.961432216
0,0.930744593
1,0.999996533
1,0.309731495
0,0.974401968
0,0.887926650
0,0.830135105
1,0.999891041
0,0.955455443
0,0.872757694
0,0.328976321
0,0.283009895
1,0.999981819
0,0.975147550
0,0.859094824
0,0.821382328
0,0.334157393
0,0.311243244
0,0.998280432
1,0.999158350
1,0.954314828
1,0.999989412
1,0.948491895
0,0.950706517
0,0.874387241
0,0.858940752
0,0.416891116
0,0.935133495
0,0.480735415
0,0.421195948
0,0.989000568
0,0.916258645
0,0.870867081
0,0.854183670
0,0.376307583
0,0.304334258
0,0.295164038
0,0.857099470
1,0.999992597
1,0.999991205
1,0.998464055
1,0.999653296
1,0.999961143
0,0.844550909
0,0.295029894
1,0.999916769
0,0.978556325
0,0.890242657
0,0.712434158
0,0.697053782
0,0.649009116
1,0.998936348
1,0.999924924
0,0.593616635
1,0.999999932
0,0.642422170
1,0.999999387
1,0.995371545
1,0.999681715
1,0.999243843
0,0.820916559
0,0.527415525
0,0.365393872
1,0.999765113
1,0.999756038
1,0.999501649
1,0.999708301
1,0.999802195
1,0.735399261
0,0.599053553
1,0.999925406
1,0.997614885
1,0.999633982
0,0.952471699
0,0.890735516
0,0.739946231
0,0.322071156
0,0.546331859
0,0.357831879
0,0.980145328
0,0.945212691
0,0.917628562
0,0.915309809
0,0.855632993
0,0.829155207
0,0.750181272
0,0.728235050
0,0.665847277
0,0.572278253
0,0.359993201
0,0.996362852
1,0.999946614
0,0.618629023
0,0.592992794
0,0.277425902
1,0.999307797
0,0.767917597
0,0.449365489
0,0.999881549
0,0.698910652
0,0.306800635
1,0.999738592
0,0.955479708
0,0.823051826
0,0.417008768
0,0.934863857
0,0.686935261
0,0.432604862
1,0.999800834
1,0.898972110
1,0.937629181
0,0.952068167
0,0.750495524
0,0.629033192
0,0.540485611
0,0.486846860
0,0.469544247
0,0.926905836
0,0.514581955
0,0.989162644
1,0.999993103
1,0.999934562
1,0.999899688
1,-1000000000.000000000
1,0.996620625
0,0.954126608
0,0.822382214
0,0.395301382
0,0.986693202
0,0.979023835
0,0.549355791
0,0.382244020
0,0.381557516
0,0.279655596
1,0.999583425
1,0.999855291
0,0.951213148
1,0.999609245
0,0.972464073
0,0.907675172
0,0.841173754
0,0.824532720
0,0.571226892
0,0.555155459
0,0.504199646
0,0.411428264
1,0.999976490
0,0.815325274
0,0.307256155
1,0.998762587
0,0.453678646
0,0.996751115
0,0.959951157
0,0.832495870
0,0.736983224
0,0.354741137
0,0.331826220
0,0.296953817
1,0.999999853
0,0.967247367
0,0.558592250
1,0.809346542
0,0.961375013
0,0.604869815
0,0.476572273
1,0.999552338
0,0.997279894
0,0.983066078
0,0.958356311
0,0.896389277
0,0.880772896
0,0.878691179
0,0.810162583
0,0.787776174
0,0.752574063
0,0.654256683
0,0.414494107
0,0.408207411
0,0.387164444
0,0.362177725
0,0.356817448
1,0.999983691
1,0.999998061
0,0.850515003
0,0.575973307
0,0.526981584
0,0.421590779
0,0.372867507
0,0.298694648
0,0.283609978
0,0.971781838
0,0.336715714
1,0.999855930
1,0.999999470
1,0.999915309
0,0.976080462
0,0.834184010
0,0.318263551
1,0.999943356
0,0.532369215
1,0.998493644
0,0.996948562
0,0.990547178
0,0.968076045
0,0.947073134
0,0.883185519
0,0.818735234
0,0.786635942
0,0.757033810
0,0.675866149
0,0.469657078
0,0.351116579
0,0.291697861
0,0.286643452
1,0.999998463
0,0.991910005
0,0.990166667
0,0.934515929
0,0.825025443
0,0.531703671
0,0.502745964
0,0.444132094
1,0.999888653
1,-1000000000.000000000
1,0.998709835
1,0.997063523
1,0.998398913
0,0.942410630
0,0.848053188
0,0.559247263
0,0.447674163
0,0.354752208
1,0.999535185
1,0.933043162
1,0.999972129
1,0.729397921
0,0.466929400
1,0.999951112
1,0.998436767
1,0.997768540
1,-1000000000.000000000
1,-1000000000.000000000
1,-1000000000.000000000
1,0.995921531
0,0.971391119
0,0.897711891
0,0.845511850
1,0.930895965
1,0.999667601
0,0.699685135
0,0.430683581
0,0.415859023
0,0.376691864
0,0.376512071
0,0.338958335
0,0.320182330
1,0.999999538
1,0.999946306
1,0.999996755
0,0.970141317
0,0.844290814
0,0.562857455
0,0.507889210
0,0.436592956
0,0.413183682
0,0.333642717
0,0.290825361
0,0.268991636
0,0.998250365
0,0.995648345
0,0.977190850
0,0.875554570
0,0.875363981
0,0.814849141
0,0.783235311
0,0.728097336
0,0.705441719
0,0.492188973
1,0.966916509
1,0.931978565
0,0.994171047
0,0.988865362
0,0.974665510
0,0.934989326
0,0.856842595
0,0.444662743
0,0.357533899
1,0.999859016
0,0.985573953
0,0.636297617
0,0.476159549
0,0.397371569
0,0.325419201
1,0.992162275
0,0.930296684
0,0.501852271
0,0.384443187
0,0.379000211
0,0.296468492
0,0.761831572
0,0.357553284
1,0.999897500
1,0.999791584
1,0.998497603
1,0.999646225
0,0.991968461
0,0.942762171
0,0.822206000
0,0.806612561
0,0.745040760
0,0.591424953
0,0.388733928
0,0.340380100
0,0.280057455
0,0.999956339
0,0.993077073
0,0.977518869
0,0.974880885
0,0.919344901
0,0.893189367
0,0.794981460
0,0.542846356
0,0.503997244
0,0.354414137
1,0.969589921
1,0.999693643
1,0.999575270
0,0.960032159
0,0.643117332
0,0.551380422
1,0.999984417
1,0.998562281
1,0.999999289
1,0.999934298
1,0.999399572
1,0.999910971
0,0.652018254
0,0.557267028
0,0.484069145
1,0.998565706
0,0.344748002
0,0.276474722
1,0.999995509
0,0.999495679
0,0.976804652
0,0.950742034
1,0.999866724
0,0.765905295
0,0.762215064
0,0.561380009
1,0.999995014
0,0.991724091
0,0.990018131
0,0.632125820
0,0.489831307
0,0.456710639
1,0.999997757
0,0.633800245
1,-1000000000.000000000
1,0.999995540
0,0.982735400
0,0.933383419
0,0.888514265
0,0.299899812
0,0.947074113
0,0.928147621
1,0.999812030
1,0.999970509
1,0.999999901
1,0.999978684
1,0.999952785
1,0.996507837
1,0.984456885
1,0.998156070
1,0.993861873
1,0.999994848
1,0.994550441
1,0.991844388
0,0.993258137
0,0.934273310
0,0.855126002
0,0.766348625
0,0.386787650
0,0.825746003
0,0.511868268
0,0.310496103
0,0.271026522
1,-1000000000.000000000
1,-1000000000.000000000
1,0.997732089
0,0.997524452
0,0.950133937
0,0.900779166
1,0.991437237
1,0.999999995
0,0.862015728
0,0.370513896
0,0.336540439
0,0.330866686
1,-1000000000.000000000
0,0.999999131
0,0.999824633
0,0.999089115
0,0.995871545
0,0.763018480
0,0.701059421
0,0.677674032
0,0.561805945
0,0.539984488
0,0.323655296
0,0.316758393
0,0.290083020
1,0.999899158
0,0.997245983
0,0.949641120
0,0.913582756
0,0.895642180
0,0.768122006
0,0.628806720
0,0.356622614
1,0.992786354
0,0.684696853
0,0.323301064
0,0.999991224
0,0.990135466
0,0.975556735
0,0.960390718
0,0.937229844
0,0.904431002
0,0.836593089
0,0.752975797
0,0.650760042
0,0.588021995
0,0.488578528
0,0.392453243
0,0.319443280
0,0.294537326
0,0.286049457
1,0.999169925
0,0.981776947
1,0.999987655
0,0.908378157
0,0.575725927
0,0.317448583
1,0.999999999
0,0.956397869
0,0.907024986
1,0.999972051
1,0.999925324
1,0.958345841
0,0.954524776
0,0.936072353
0,0.610366722
1,0.999838536
1,0.676414852
0,0.925441363
0,0.880956988
0,0.465193638
0,0.333110111
0,0.920376915
0,0.805509331
0,0.795738252
0,0.624274286
0,0.481572877
0,0.419712867
0,0.372046221
0,0.336568660
1,0.999575109
0,0.954340911
0,0.437333796
0,0.368981448
0,0.297947346
1,0.995656663
0,0.390804207
1,-1000000000.000000000
1,0.994687918
0,0.999196280
0,0.992263027
0,0.991752494
0,0.990154375
0,0.988219543
0,0.986532149
0,0.985033279
0,0.976303503
0,0.972863631
0,0.972720462
0,0.959244847
0,0.941851433
0,0.941113691
0,0.934286167
0,0.933650028
0,0.908908091
0,0.896635204
0,0.896206051
0,0.893967040
0,0.869012031
0,0.853153304
0,0.849909324
0,0.826788428
0,0.808704268
0,0.779021961
0,0.547243746
0,0.538730368
0,0.499053010
0,0.462478271
0,0.271815026
0,0.769323619
0,0.996117197
0,0.990757194
0,0.547032250
0,0.302936042
1,0.998047025
1,0.998935715
0,0.942989618
0,0.938606442
0,0.718738809
0,0.603413087
1,0.999993119
1,0.998224222
1,0.992473030
1,0.999363105
0,0.949964198
0,0.858244883
0,0.579190299
0,0.553424686
1,0.999996371
1,0.999999381
1,0.999994972
0,0.990873306
0,0.393283755
1,0.999984142
0,0.991510170
0,0.984920114
0,0.713443406
0,0.614261829
0,0.354025992
0,0.334820652
1,0.999988422
1,-1000000000.000000000
0,0.986277958
0,0.871906424
0,0.581613398
1,0.992253917
1,0.957390084
0,0.983709630
0,0.941973245
0,0.696716246
0,0.373324124
0,0.367933507
0,0.330676758
0,0.278613932
0,0.275620879
1,0.999996484
1,0.998954763
1,0.999990667
1,0.999774454
1,0.999440247
0,0.673099039
0,0.666898053
0,0.332709502
1,0.999850766
1,0.999989682
0,0.921958486
0,0.640500269
0,0.520637340
0,0.307800376
1,0.999988451
0,0.354131343
1,0.999336094
1,0.999581062
1,0.999984585
1,0.999991883
0,0.999732456
0,0.998913331
0,0.996214771
0,0.995008770
0,0.992014140
0,0.988289404
0,0.984803010
0,0.982748890
0,0.982501227
0,0.925972387
0,0.905985192
0,0.901334285
0,0.875754772
0,0.839514950
0,0.737552668
0,0.675470321
0,0.496629875
0,0.440573037
0,0.410727998
0,0.304386447
1,0.999616293
1,0.985955950
0,0.334655048
1,0.999625018
1,-1000000000.000000000
0,0.997504992
0,0.420277743
1,0.999942528
0,0.878822657
0,0.802139333
0,0.767799884
0,0.409582021
0,0.404684116
0,0.395589226
1,0.999993734
1,0.999600362
1,0.970558590
1,0.999636381
0,0.550272017
1,0.998109302
0,0.970766587
0,0.857090066
1,0.999989536
1,0.999810934
0,0.769419480
0,0.584838016
1,0.999933078
1,0.999154306
0,0.961219907
0,0.882031316
0,0.858445889
0,0.841499595
0,0.825702163
0,0.772517837
0,0.636567363
0,0.539979170
0,0.470883697
0,0.446227808
0,0.364296952
0,0.333173246
0,0.347420242
1,0.999979205
0,0.990614966
0,0.882358783
0,0.806439929
0,0.532227234
0,0.299202555
0,0.291567498
0,0.444933334
0,0.280466471
1,0.999471508
0,0.998059568
0,0.997101402
0,0.998763022
0,0.876358733
0,0.819783325
0,0.815019365
0,0.640289315
0,0.377275401
0,0.488986249
0,0.360710081
1,0.999795586
1,-1000000000.000000000
1,0.999702931
1,0.996052117
1,-1000000000.000000000
0,0.891903209
0,0.858017148
1,0.999570923
0,0.816689597
0,0.662781339
0,0.806851576
0,0.985261342
0,0.783225347
0,0.408889634
1,0.999962243
0,0.385717495
1,0.880924181
0,0.731212404
1,0.998448604
0,0.993022824
0,0.991014822
1,0.999837067
0,0.998604802
0,0.942163373
0,0.941380496
0,0.935178805
0,0.849438034
0,0.405312984
1,0.998552918
1,0.997333972
0,0.864369834
0,0.738610897
0,0.313737529
1,0.999999632
0,0.353060855
1,0.999990238
0,0.898014665
0,0.739376752
0,0.549488001
0,0.503105603
0,0.498027685
0,0.309032678
1,0.999843933
1,0.999402170
1,0.999710146
1,0.999677154
1,0.999362490
1,0.987255453
1,0.990245162
1,0.997284158
1,0.670594586
0,0.928730768
0,0.820119391
0,0.750721364
0,0.470909470
0,0.330828844
1,0.998866244
0,0.594242022
1,0.999444761
0,0.334725555
1,0.999708159
1,0.999261816
1,0.999947849
1,0.977188406
1,0.999883351
0,0.968507425
0,0.898091675
0,0.836107852
0,0.776803215
0,0.498439785
1,0.999667777
0,0.948358551
0,0.761648787
0,0.453635393
1,0.999909418
1,0.999853440
1,0.409685338
0,0.831391980
0,0.745641816
0,0.427030801
0,0.303338660
1,0.998519307
1,0.795463135
0,0.991621564
0,0.959439039
0,0.318232570
0,0.299017982
1,0.999849436
0,0.999532837
1,0.999994923
0,0.995859323
0,0.972118909
0,0.804408246
0,0.540853654
0,0.269048456
1,0.986570229
1,0.998150552
1,-1000000000.000000000
1,0.991717834
1,-1000000000.000000000
0,0.975720661
0,0.370740134
1,0.999853926
0,0.637563389
0,0.320593016
0,0.980727654
0,0.546697150
1,0.999963554
1,0.999901325
0,0.998352991
0,0.993416790
0,0.875972263
0,0.848814326
0,0.558265615
0,0.487094047
0,0.456595045
0,0.384348404
1,0.999875700
0,0.997945651
0,0.995543375
1,0.998094182
1,0.999926294
1,0.999849111
1,-1000000000.000000000
1,0.977359925
1,0.997328830
1,0.987664254
1,-1000000000.000000000
1,0.976428851
0,0.989312763
0,0.847950051
0,0.752318078
0,0.432646295
1,0.999806339
1,0.796527343
1,0.868412396
1,0.995198621
0,0.301525556
1,0.999921921
0,0.999036653
0,0.971968311
0,0.908283982
0,0.835927947
0,0.624438140
0,0.464529245
0,0.942402838
0,0.726427887
1,0.999456194
0,0.706542921
0,0.355793149
1,0.999999951
0,0.951499265
0,0.837239099
0,0.736458073
0,0.495940652
0,0.329037795
0,0.996439449
0,0.694994188
0,0.462937038
0,0.936922754
0,0.836263303
0,0.670368503
0,0.608907958
0,0.350736382
0,0.999333955
0,0.650260157
0,0.592185908
1,0.997273037
1,0.994409526
0,0.725448090
1,0.999937353
1,0.999997890
1,0.998767679
1,0.995316148
1,0.995775012
0,0.668339000
0,0.348047047
0,0.284142451
1,0.999996849
0,0.989295012
0,0.988816555
0,0.938061875
0,0.615694823
0,0.418839438
0,0.359507370
0,0.340283696
0,0.324740766
1,0.999998616
0,0.844482913
1,0.998366748
1,0.988958722
0,0.898106729
0,0.305034922
0,0.663890605
0,0.411087200
0,0.333496637
0,0.999760052
0,0.908022747
0,0.694841232
0,0.645599121
1,0.964517064
1,0.979995432
1,0.989033960
0,0.990364446
0,0.869182863
0,0.289500454
1,0.981540164
1,0.999990286
1,0.999552058
0,0.897311605
0,0.613589241
1,0.999991233
0,0.471291559
0,0.362293054
0,0.296538164
1,0.999997210
1,0.998606845
0,0.989792410
0,0.986440300
0,0.967209563
0,0.777142656
0,0.585933086
0,0.354247931
0,0.302428802
1,0.999795591
0,0.835316011
0,0.323598987
1,0.999968879
1,-1000000000.000000000
0,0.999147235
0,0.820645677
0,0.815090875
0,0.763324776
0,0.724748732
0,0.550530083
0,0.313584898
1,0.997366638
1,0.998332742
1,0.999993024
0,0.458260033
0,0.885897904
0,0.851964774
0,0.971532965
0,0.887988133
0,0.881654213
0,0.684589274
0,0.306493695
1,0.999999958
0,0.972694042
0,0.548610797
0,0.978118365
0,0.947301810
0,0.936755719
0,0.814415597
0,0.621320357
0,0.533073704
0,0.333507669
1,0.997267954
1,0.959899886
1,0.999970814
0,0.997568363
0,0.982603969
0,0.976413975
0,0.975919994
0,0.963614826
0,0.957528836
0,0.938953055
0,0.932395293
0,0.898959249
0,0.890969798
0,0.713669715
0,0.689215532
0,0.572110288
0,0.388340267
0,0.296606548
1,0.999853620
0,0.961094705
1,0.999856898
1,0.998779906
0,0.942284779
0,0.980186736
1,0.999999305
1,-1000000000.000000000
1,0.854674337
0,0.994684430
0,0.993882155
0,0.921838078
0,0.887274008
0,0.794423904
0,0.335268381
1,0.999999179
0,0.943587458
0,0.868579700
0,0.866416763
0,0.825512124
0,0.567809190
0,0.371688466
0,0.287692772
0,0.284593288
1,0.955694545
1,0.999905714
1,0.999969971
0,0.992740862
0,0.982571892
0,0.862463804
0,0.753256309
1,0.999617760
1,0.999755454
1,0.999941286
1,0.999586960
1,0.982165482
1,0.999767976
0,0.996033787
0,0.995572414
0,0.969356961
0,0.838909625
0,0.837983798
0,0.700203990
0,0.657125872
0,0.491744301
0,0.405514481
0,0.319480605
0,0.988202266
0,0.774878304
0,0.450219638
1,0.999928130
0,0.981570739
1,0.990552918
1,0.999991585
1,0.999248560
1,0.999877588
1,0.999939976
1,0.985907848
0,0.961082472
0,0.854084993
1,0.952590043
0,0.580859102
0,0.348673292
0,0.346865855
1,0.999032889
1,0.999938267
0,0.281867616
0,0.852608602
0,0.703041703
0,0.529579860
0,0.501840112
0,0.468807006
0,0.407910359
0,0.399176542
0,0.287905970
1,0.995086630
1,0.991908697
0,0.631299238
0,0.549301832
0,0.355113308
1,0.999980041
1,0.999823155
1,0.999697843
1,0.999412388
0,0.824550793
0,0.550172066
1,0.983821569
1,0.997496388
1,-1000000000.000000000
0,0.719640465
0,0.681649282
1,0.999517288
0,0.994121041
0,0.984194617
0,0.393723374
1,0.999909659
0,0.692608384
0,0.600213766
0,0.312896239
1,0.999930639
1,0.999921772
0,0.999569001
1,0.999934842
1,0.999789093
0,0.896662201
0,0.816408733
0,0.746211879
0,0.741695943
0,0.688849155
0,0.516646794
0,0.295899660
1,0.999163973
1,0.999342235
0,0.854638789
1,-1000000000.000000000
0,0.999996343
0,0.918266627
0,0.848112349
0,0.314644169
1,0.999998633
1,0.999968667
1,0.999912729
1,0.415288417
1,0.999917521
1,0.999964867
1,0.999964933
1,0.999999641
1,0.995545054
0,0.973075942
0,0.616947431
0,0.577461861
1,0.994699413
1,0.992409588
0,0.914191499
0,0.904885383
0,0.843156090
0,0.351695411
1,0.999994060
1,0.996924096
0,0.780636772
0,0.681546826
0,0.393515311
1,0.999999343
0,0.844802784
0,0.340047280
1,0.999011865
1,0.999981381
0,0.981140109
0,0.531897205
0,0.973564126
0,0.365852859
1,0.999999015
1,0.990128915
0,0.998865484
0,0.880333406
0,0.784666017
0,0.395240179
0,0.278947631
0,0.955990760
0,0.933121730
0,0.458360417
0,0.931211003
0,0.689727930
1,0.999998167
1,0.999761000
1,0.999887858
1,0.997280700
0,0.997164569
0,0.993253001
0,0.952033101
0,0.888688721
0,0.839431802
0,0.799295265
0,0.770022095
0,0.761468959
0,0.507201645
0,0.497203492
1,0.999278955
1,0.987630233
1,0.999987238
0,0.986629456
0,0.970162099
0,0.475388418
0,0.336050600
1,0.999999516
1,0.988064824
1,0.998276463
1,0.999619301
0,0.357427444
0,0.269805897
1,0.996810054
1,0.999920852
1,0.999974050
0,0.963157169
0,0.884537487
0,0.362601640
1,0.999998381
0,0.888117119
1,-1000000000.000000000
1,0.999766566
0,0.857741809
0,0.823941121
0,0.575017834
0,0.294047718
1,0.999989616
0,0.794986433
1,0.997089308
0,0.901690722
0,0.723253548
0,0.690958165
1,0.999941890
1,0.999982226
1,0.999818194
0,0.999879803
0,0.989502834
0,0.922036705
1,0.999993623
0,0.987089770
0,0.796162656
0,0.772732462
0,0.391142341
0,0.379595995
1,0.999996095
1,0.999999710
0,0.992854502
0,0.926327196
0,0.820410085
1,0.999978755
1,0.999160702
1,0.999665328
0,0.985667066
0,0.933741865
0,0.454236794
0,0.276379350
1,0.994277339
0,0.984997969
0,0.975188760
0,0.964281495
0,0.890059604
0,0.878550977
0,0.693507519
0,0.676905915
0,0.604756416
0,0.471855372
1,0.363972241
1,0.990081742
1,0.993925424
1,0.999963720
1,0.999855406
0,0.778677425
0,0.763802901
0,0.946544123
0,0.692670007
0,0.517076528
0,0.969449743
0,0.818847801
0,0.409272163
1,0.997484777
1,0.996543424
1,0.323646630
0,0.995586778
0,0.724753193
0,0.377480501
0,0.891307116
0,0.552602433
0,0.350095288
1,0.999721407
1,-1000000000.000000000
0,0.997040508
0,0.989887169
0,0.950762733
0,0.890216145
0,0.750566502
1,0.999888885
1,0.962922709
1,0.990246604
0,0.828899316
1,0.999835653
1,0.964093496
1,0.996819215
0,0.943086954
0,0.932839616
0,0.900699525
0,0.550305065
0,0.969524208
0,0.823503742
0,0.402747395
0,0.856181327
0,0.667212575
0,0.800873584
0,0.752063261
0,0.520397298
1,0.999589306
0,0.761208252
1,0.999985840
0,0.946555895
0,0.928219486
0,0.923707184
0,0.415019120
0,0.351306281
0,0.329565527
1,0.999999027
1,0.999996694
1,0.999801484
0,0.914667406
0,0.895745493
0,0.837042378
1,0.998031898
0,0.404220317
0,0.396939341
0,0.998081408
0,0.794983947
0,0.450802513
1,0.999794551
0,0.975052103
0,0.445560046
0,0.980900948
1,0.999587017
0,0.999926872
0,0.982799310
0,0.530491736
0,0.507747276
1,0.999843104
0,0.591784645
0,0.833129194
0,0.337090365
1,0.999731460
0,0.999304298
0,0.971444184
0,0.949177196
0,0.913905511
0,0.284483204
0,0.889206900
0,0.881743143
0,0.349278772
0,0.317064267
0,0.312163754
0,0.999430115
0,0.982919455
0,0.887207791
1,0.988854121
1,-1000000000.000000000
1,0.298587883
1,0.999460589
1,-1000000000.000000000
1,0.926382660
1,0.998939197
1,0.951852784
1,0.997508093
0,0.997763054
0,0.884101256
0,0.862167992
0,0.859783591
0,0.578456192
0,0.460294696
0,0.999990883
0,0.928145015
0,0.593352507
1,0.999910608
1,0.999971858
1,0.999939358
0,0.463078130
0,0.433883426
0,0.319221795
1,0.999894128
1,0.994849999
1,0.987676854
0,0.996586572
0,0.571392957
1,0.982491476
1,0.999971117
0,0.363820256
1,0.986651391
0,0.742533950
1,0.999983352
1,0.999915205
1,0.999529751
1,0.999978175
1,0.999927342
0,0.998232821
0,0.860528267
1,0.999210008
1,-1000000000.000000000
0,0.988186011
0,0.975533926
0,0.972140549
0,0.874403214
0,0.849317308
0,0.838975404
0,0.745188285
0,0.600062591
0,0.429202482
0,0.330705256
1,0.999814618
0,0.985468088
0,0.635500823
0,0.612444484
0,0.399768963
0,0.364531421
1,0.999794003
0,0.560788290
1,0.999678256
0,0.985560592
0,0.968288418
0,0.436028047
0,0.378654618
1,0.999997580
0,0.990019648
0,0.976570730
0,0.898222176
0,0.860480413
0,0.807024743
0,0.745275560
0,0.745189460
0,0.662059969
1,0.999719806
0,0.918286989
0,0.436129470
0,0.327106235
0,0.992749743
0,0.738982185
1,0.994318796
0,0.343137823
0,0.983442436
0,0.432089721
0,0.372455378
0,0.284831390
1,0.999965968
0,0.999499984
0,0.998888162
0,0.983194171
0,0.718054871
0,0.602291658
0,0.693633390
0,0.295457477
1,0.998005965
1,0.999784621
0,0.731435954
0,0.574291960
0,0.398595267
1,0.999153985
0,0.972200344
0,0.956761142
0,0.775235534
0,0.642567535
0,0.399281745
1,0.997166026
1,0.999976993
1,-1000000000.000000000
0,0.987978432
0,0.967783264
1,0.999163687
1,0.999999987
0,0.644053391
0,0.607924153
0,0.467915108
0,0.321678460
0,0.296836318
0,0.274395897
1,0.999741383
0,0.997536828
0,0.612301522
0,0.893831636
1,0.995948764
1,0.981996264
1,0.998897525
0,0.996105815
0,0.995557898
0,0.504172464
0,0.408622160
1,0.999989584
1,0.999992244
1,0.999973709
1,0.999995192
0,0.995356426
0,0.852771876
1,0.999700156
1,0.998613452
1,0.993536804
1,0.999994937
0,0.996378516
0,0.926810250
0,0.462314560
0,0.441452547
0,0.317427705
0,0.304252289
1,0.999546205
1,0.999492706
1,0.999998270
0,0.985696831
0,0.980959979
0,0.594352396
0,0.292487881
1,0.999927044
1,0.999950629
1,0.998029441
1,0.999142034
1,0.998407590
1,0.999977366
0,0.984161597
0,0.922006505
0,0.866860469
0,0.724753193
0,0.708855901
0,0.345297766
0,0.315212982
0,0.981417442
0,0.940105503
0,0.422847665
1,0.805067904
0,0.824908453
1,0.999767384
0,0.993325172
0,0.993254522
0,0.990002097
0,0.983138391
0,0.949202634
0,0.939646970
0,0.931814510
0,0.920309067
0,0.918118630
0,0.849623394
0,0.794582097
0,0.764165634
0,0.760923393
0,0.725987118
0,0.649285503
0,0.648621331
0,0.603073330
0,0.584605046
0,0.526625096
0,0.481611336
0,0.460521186
0,0.375927269
0,0.345772990
0,0.326708782
0,0.324940598
0,0.304913735
1,0.999999512
0,0.806263322
0,0.336730514
1,0.999919679
0,0.951178394
0,0.815188669
0,0.738741330
0,0.737994173
0,0.658332035
0,0.579179602
0,0.410888541
1,0.999995092
1,0.998213461
0,0.891837633
0,0.867986252
0,0.853148879
0,0.837730063
0,0.648415044
1,0.999888805
1,0.999470764
0,0.972068203
0,0.558392261
0,0.451953591
0,0.373519311
0,0.959783617
0,0.926770617
0,0.328219203
1,0.999922125
1,0.983902337
1,0.999913476
0,0.912632048
0,0.992614838
0,0.905891041
0,0.423932607
1,-1000000000.000000000
1,0.999980557
0,0.942833172
0,0.622134540
0,0.437110037
1,0.999917098
1,0.972262702
0,0.937995511
0,0.528527351
0,0.480918858
0,0.392044815
0,0.362465268
0,0.354622170
0,0.999318541
1,0.997754643
1,0.998421770
0,0.502640695
0,0.950568749
0,0.920036494
0,0.887065327
1,0.999999529
0,0.924643516
0,0.917730973
0,0.280829725
1,-1000000000.000000000
1,0.999911332
1,0.999995863
1,-1000000000.000000000
0,0.963721808
0,0.830790079
1,0.999999841
1,0.999783436
1,0.999729825
1,0.999734099
0,0.991944317
1,0.999998336
1,0.999666974
0,0.920537933
0,0.626414909
0,0.583502834
0,0.340009074
1,0.999999738
1,0.785427867
1,0.999946712
1,0.999934256
1,-1000000000.000000000
0,0.786170825
0,0.784879441
1,0.998361713
0,0.996420818
0,0.282445208
1,0.999362654
0,0.700917795
0,0.978441499
0,0.887422289
0,0.505734787
1,0.997512712
1,0.999752493
1,0.999717072
0,0.865005349
0,0.796999989
1,0.998993271
0,0.999459586
1,0.999528596
1,-1000000000.000000000
0,0.998354590
1,0.999663110
1,0.999998011
0,0.992768910
0,0.977452967
0,0.354498699
0,0.293301039
0,0.938954421
0,0.653908629
0,0.557997835
0,0.460071179
0,0.457350795
1,0.992930092
1,0.999897287
1,0.999111808
0,0.965500515
0,0.465714349
0,0.955922461
0,0.885143143
0,0.856161884
0,0.790199449
1,0.993896473
1,0.999954676
1,0.999174853
1,0.999674815
1,0.997218817
0,0.989754014
0,0.961189963
0,0.861859333
0,0.813124101
0,0.774482217
0,0.745447688
0,0.419749347
0,0.320229828
0,0.999013641
0,0.589176907
0,0.524738964
0,0.399624567
1,0.997662955
1,0.991203447
1,0.997628932
0,0.987864423
0,0.915268701
0,0.839694753
0,0.820271008
0,0.353782740
1,0.999955977
0,0.638842867
1,0.992547601
0,0.969861119
0,0.909869316
0,0.886058559
0,0.839570773
0,0.819702158
0,0.793071920
0,0.739086294
0,0.692241976
0,0.471043826
0,0.470304087
0,0.446688921
0,0.406043845
0,0.365460779
0,0.357257046
0,0.335234577
0,0.273983477
0,0.270364971
0,0.939420912
0,0.925155175
0,0.880541311
0,0.842717835
0,0.828918595
0,0.826641214
0,0.675665340
0,0.567143930
0,0.560598715
0,0.930813104
0,0.497595574
1,0.999993035
1,0.999991170
1,0.990113617
0,0.764744166
1,0.971483721
1,0.999574596
1,0.703277496
1,0.999991904
0,0.929581461
1,0.999856788
0,0.497757937
0,0.337272274
0,0.640769234
0,0.351002072
0,0.984723952
0,0.367115826
1,0.998989725
1,0.999989156
1,0.986976881
1,0.999559727
0,0.964428491
0,0.909729699
0,0.647220744
0,0.537199764
0,0.488357153
0,0.283245641
1,0.999987841
1,0.999940997
0,0.996416423
0,0.940925335
0,0.894962790
0,0.637740985
0,0.610271009
0,0.517055811
0,0.389612082
0,0.362463733
1,-1000000000.000000000
1,0.999923395
1,0.999844790
0,0.515879170
0,0.900640361
1,0.999995668
0,0.975369586
0,0.962450259
0,0.352591795
0,0.338382906
1,0.999288682
0,0.995179709
0,0.943325656
0,0.922869285
0,0.397912015
1,0.999996126
1,0.993421304
1,0.999997747
1,0.999998817
1,0.999998369
1,-1000000000.000000000
1,0.999954527
0,0.857692522
0,0.358797114
0,0.995298420
1,0.999996511
0,0.806111105
0,0.710522888
1,0.999970114
0,0.780394157
0,0.444352722
0,0.406569272
0,0.390472201
0,0.296846318
0,0.275660206
1,0.999435846
0,0.895408858
0,0.336130976
1,0.999959547
0,0.999640809
0,0.996251361
0,0.986755815
0,0.981123992
0,0.970643384
0,0.932460814
0,0.930459708
0,0.900782491
0,0.635299332
0,0.595661036
0,0.479884992
0,0.437739809
1,0.995577651
1,0.999739212
0,0.563515304
1,0.998753578
1,0.999628654
1,0.999873633
0,0.292183250
1,0.992634366
1,0.999399463
1,0.999953585
1,0.999581094
1,0.999911770
0,0.999748097
0,0.976077524
1,0.995124145
1,0.999919291
1,0.983941473
1,0.823250358
0,0.767710433
0,0.963661208
0,0.914323707
0,0.468108722
1,0.999971892
1,0.999266422
0,0.997647878
0,0.973130433
0,0.752299339
1,0.999998956
0,0.963742506
1,0.998563620
1,0.997541886
0,0.595467295
0,0.432092415
0,0.391847198
0,0.332841197
1,0.996464030
1,0.986295674
0,0.962465215
0,0.276827063
1,0.999769160
0,0.944540365
0,0.831062257
0,0.803474170
0,0.799164044
0,0.715664398
0,0.703524806
0,0.395675581
0,0.394985126
0,0.657068841
1,0.475452276
0,0.971273505
0,0.922448544
0,0.851644722
0,0.846977438
0,0.831049609
0,0.634155668
0,0.608304840
0,0.519440741
0,0.467905947
0,0.382594821
0,0.331495723
0,0.300373986
0,0.956470155
1,0.996510706
1,0.997834611
1,0.999993024
1,0.999967452
1,0.999391580
1,0.999931191
1,0.999999936
0,0.806878778
0,0.381071669
0,0.305517565
1,0.999989387
1,0.999881101
1,0.999918186
0,0.995945077
0,0.971246911
0,0.715195901
0,0.384687626
0,0.340332941
0,0.964729706
0,0.943829722
0,0.568951955
0,0.486230270
1,0.998872646
0,0.949963654
0,0.779553826
0,0.317113817
1,-1000000000.000000000
0,0.999998193
0,0.890821760
0,0.888418717
0,0.321678041
1,0.997577856
1,0.998814633
0,0.995446746
0,0.945924039
1,0.999987290
1,0.969813164
1,0.999887552
1,0.999999632
1,0.999309608
0,0.835478158
1,0.992145668
1,-1000000000.000000000
1,0.994602475
0,0.956780686
0,0.454472749
1,0.999999140
0,0.809773376
0,0.663332951
0,0.953179350
0,0.984271492
0,0.984100429
0,0.980227655
0,0.975715928
0,0.962859464
0,0.894671391
0,0.868861558
0,0.605446560
0,0.560179001
0,0.452984527
0,0.448406447
0,0.445065364
0,0.424145370
0,0.388600687
0,0.290274984
1,0.999859620
0,0.809173430
0,0.756539675
1,0.999996074
1,0.972496460
1,0.994119640
1,0.999674524
1,0.990901968
0,0.999756937
0,0.995506994
0,0.978802509
0,0.976369283
0,0.916070909
0,0.902372683
1,0.983224667
1,0.881265639
1,0.992237668
0,0.998091824
0,0.989553134
0,0.974750218
1,0.999997339
1,0.999998753
1,0.999989360
1,0.999967209
1,0.945500028
0,0.601320264
0,0.983652153
0,0.958902975
0,0.709996325
0,0.377908514
0,0.304529235
0,0.944809167
0,0.520039424
1,0.998148613
0,0.859207235
0,0.754484548
0,0.697590102
0,0.377430415
0,0.286303643
1,0.996352521
1,0.999828273
1,0.999156887
1,0.999997937
0,0.822332059
0,0.750282252
1,0.999934997
0,0.886946657
0,0.861177350
0,0.833615141
0,0.539197086
0,0.273732714
0,0.978299564
1,0.999934353
0,0.806270103
0,0.457213046
0,0.292385954
0,0.285227322
1,0.999262620
0,0.828562810
0,0.659470692
1,0.999787063
1,0.998113036
0,0.968931231
0,0.574443605
0,0.436790940
1,0.999819697
1,0.998098124
1,0.999955318
1,0.999999650
0,0.996242987
0,0.364108359
1,0.997128037
1,0.992284961
1,-1000000000.000000000
0,0.997505256
0,0.981157167
0,0.963614875
0,0.524033254
0,0.463514909
1,0.999705220
1,0.999742197
1,0.653879805
1,0.999937042
1,-1000000000.000000000
1,-1000000000.000000000
1,0.310070973
0,0.999346028
0,0.995541428
0,0.911340657
0,0.445413981
1,-1000000000.000000000
1,0.999996617
0,0.992382965
0,0.979198308
0,0.736356173
0,0.637909948
0,0.457356705
0,0.642662249
0,0.346484012
1,0.991117850
1,-1000000000.000000000
0,0.661845178
0,0.997330631
0,0.797961009
0,0.270449783
0,0.750532136
0,0.502834654
0,0.409254572
0,0.348524082
1,0.999790584
1,0.999999561
0,0.991285098
0,0.991169747
0,0.990562917
0,0.981968490
0,0.978934991
0,0.974912171
0,0.974114087
0,0.971997619
0,0.920857257
0,0.910491005
0,0.806635907
0,0.691150058
0,0.649892550
0,0.632523481
0,0.519604754
0,0.387057081
0,0.381704259
0,0.371985294
0,0.341309516
0,0.329307474
1,0.999568345
1,0.999959982
0,0.957225547
1,-1000000000.000000000
1,0.999708541
0,0.528417450
1,0.999939151
1,0.999862920
0,0.970933382
0,0.900152076
0,0.849917052
0,0.482239933
0,0.322045537
1,0.998434069
1,0.998485214
1,0.994826831
1,0.999998024
1,0.963777948
0,0.977430068
0,0.975423848
0,0.942757258
0,0.910275213
0,0.847735371
0,0.386885656
0,0.341144008
0,0.308433690
1,0.687569770
1,0.982494569
1,0.485762988
1,0.621456996
1,0.969771507
0,0.989562920
0,0.983205922
0,0.831420192
1,0.999982466
1,0.999994966
0,0.969052455
0,0.302519151
1,0.992670130
1,0.999903202
0,0.946503042
0,0.946128097
0,0.904201266
0,0.383341430
1,0.985358920
1,0.945501500
0,0.999763768
0,0.919859998
0,0.887435339
0,0.772360432
0,0.728797509
1,0.998662626
1,0.998877400
0,0.860935929
0,0.696331116
0,0.997850581
0,0.995445402
0,0.989158559
0,0.987958417
0,0.929689854
0,0.505591754
1,0.999854018
1,0.999763775
1,0.998379254
0,0.979831608
0,0.953310711
0,0.784361152
1,0.999991350
0,0.996454794
0,0.992220976
0,0.959641247
0,0.958912932
0,0.926260558
0,0.913849932
0,0.896265873
0,0.882742933
0,0.848707891
0,0.773436288
0,0.704264528
1,0.999600934
1,-1000000000.000000000
0,0.991703856
0,0.991683498
0,0.770912177
0,0.597375215
1,0.999992887
0,0.499780304
0,0.288487547
0,0.998751166
0,0.924953418
0,0.641178631
0,0.326336006
1,0.999300771
0,0.976841832
0,0.646516886
0,0.338561854
0,0.306652233
0,0.916504219
0,0.279489261
0,0.456831914
0,0.350493352
1,0.999240421
0,0.845778241
0,0.740120443
0,0.589317822
0,0.464966937
1,0.999947381
1,0.999966372
0,0.974144360
0,0.784077519
0,0.531711389
1,0.999641171
0,0.904047337
0,0.350431374
0,0.982731444
0,0.978894491
0,0.660459651
0,0.643995443
0,0.328461482
0,0.789001358
0,0.694514158
0,0.298240219
0,0.335406320
0,0.298028726
0,0.292218813
1,0.997930026
1,0.999437366
1,0.999409791
0,0.989294159
0,0.845151378
0,0.781847758
0,0.344129865
0,0.334688708
0,0.754247318
0,0.999369681
1,0.999852139
1,0.999981639
0,0.998368753
0,0.855638655
0,0.814083556
0,0.798668411
0,0.637997521
0,0.477955447
0,0.332373477
1,0.998814599
0,0.866137539
0,0.780051399
0,0.568864835
0,0.333051628
1,0.999987955
0,0.678744347
0,0.438799400
0,0.280974206
0,0.580421146
0,0.401412460
0,0.312309586
1,0.999976615
1,0.999884587
1,0.988904314
1,0.999878249
1,0.996333382
1,0.999988559
1,0.998279848
0,0.983710387
0,0.982633117
0,0.977964417
0,0.674801411
0,0.529551711
0,0.447449438
0,0.358182148
0,0.300764125
1,0.999569963
1,0.999306741
1,-1000000000.000000000
1,0.999594723
0,0.578420614
0,0.423549183
0,0.285518819
1,0.999938714
0,0.986008503
0,0.904769869
0,0.996382543
0,0.995548851
0,0.977424934
0,0.977198119
0,0.969168745
0,0.955022500
0,0.917613028
0,0.890993652
0,0.887909510
0,0.798700083
0,0.618574897
0,0.571314581
0,0.559173209
0,0.464963973
0,0.458055845
0,0.390506701
0,0.358320489
0,0.327009987
1,-1000000000.000000000
1,-1000000000.000000000
1,-1000000000.000000000
1,-1000000000.000000000
1,-1000000000.000000000
0,0.999965334
0,0.999947908
0,0.994483775
0,0.993278275
0,0.978534623
0,0.978240793
0,0.948833134
0,0.817753409
1,0.997911165
1,0.987456190
1,0.474332971
0,0.974840674
0,0.940815375
0,0.282115503
1,0.999981621
1,0.999999122
1,0.999995104
0,0.992603945
0,0.932282609
0,0.630408647
0,0.562939931
1,0.999991754
0,0.739092089
1,0.999109320
0,0.936175970
0,0.836705833
1,0.999999406
0,0.946216132
0,0.644024094
0,0.987344623
0,0.571043274
0,0.361356553
0,0.307948534
1,0.995947872
0,0.981979867
0,0.375059225
0,0.365370652
1,0.673713265
1,0.992426749
0,0.888601761
0,0.796882144
1,0.998795629
0,0.994218825
0,0.746676377
0,0.274792636
1,0.998094445
0,0.644439296
0,0.312342751
0,0.747776700
0,0.436985324
0,0.426548557
0,0.959073579
0,0.955185298
0,0.907225087
0,0.711959833
0,0.501065493
0,0.459513083
0,0.396182341
0,0.338246490
0,0.281214773
0,0.274362386
1,0.999999892
1,0.999744133
0,0.989684274
0,0.982269498
0,0.946485898
0,0.571964026
0,0.408657315
0,0.306011873
1,0.999759142
0,0.994522671
0,0.888440888
0,0.875428419
0,0.757735908
0,0.499436032
0,0.487908108
1,0.999946979
0,0.348292639
1,0.998975860
1,0.999076097
0,0.980418778
0,0.948553665
0,0.540793264
1,0.999917793
0,0.705573785
0,0.616437623
0,0.994445178
0,0.983749485
0,0.952844025
0,0.866791442
0,0.569129693
1,0.999997319
0,0.956761336
0,0.770488728
0,0.649718187
1,0.999993040
1,0.576977772
0,0.883617739
0,0.418068354
1,0.999379329
1,0.999992451
1,0.999922441
0,0.652290844
0,0.413464194
0,0.346712355
1,0.999853583
0,0.999792436
0,0.981009033
0,0.907922504
0,0.449998699
1,0.947372894
0,0.956085032
0,0.296830877
1,0.998844106
0,0.996678935
0,0.995758364
0,0.907080542
0,0.850863992
0,0.345870077
0,0.298097481
0,0.278924517
1,0.997985952
1,0.999189163
0,0.949476611
1,0.999005097
1,0.998035962
0,0.943154149
0,0.913009310
1,0.991570773
1,0.999844121
0,0.873139629
0,0.749884912
1,0.999656702
1,0.999977565
1,0.999993420
1,0.999998943
1,0.999995102
1,0.992077099
1,0.998832411
0,0.388395142
0,0.680191810
0,0.424817403
1,0.999989862
1,0.675585499
0,0.844518047
0,0.810892392
0,0.719947364
0,0.540959388
1,0.999335838
1,0.998102318
1,0.999615590
1,0.999075937
1,0.992978563
1,0.999398215
0,0.874183848
0,0.513174469
0,0.985826122
0,0.960981738
0,0.467965435
0,0.378895736
0,0.286227993
1,0.995457171
1,0.999993301
1,0.999871681
1,0.999631045
1,0.999745452
1,0.999302690
1,0.943245731
1,0.999146625
1,0.999547548
0,0.998520252
0,0.995243491
0,0.981050813
0,0.532131671
1,0.999858633
0,0.587900362
0,0.886395100
0,0.584549826
0,0.314859842
1,0.999986764
1,0.999903674
0,0.303577137
1,0.999895428
0,0.997215075
0,0.968807543
0,0.810745808
0,0.579344622
0,0.304081627
0,0.991629903
0,0.707527077
0,0.574769502
0,0.489224800
1,0.999973714
0,0.996700413
0,0.986682518
0,0.979253665
0,0.932428859
0,0.545233450
0,0.367483840
0,0.968889634
0,0.270722240
0,0.963989343
0,0.927902979
0,0.768110629
0,0.385009015
1,0.999977306
1,0.963226716
1,0.995166482
1,0.996175970
1,0.999997348
0,0.938186873
0,0.885890478
0,0.704512458
1,0.999964010
0,0.962403738
0,0.876104666
0,0.670805118
0,0.456039743
0,0.429739243
0,0.842634454
0,0.800833731
0,0.793480650
0,0.402689703
0,0.325385928
0,0.304172900
0,0.994128378
0,0.957274177
0,0.821913468
1,0.979699934
0,0.960250175
0,0.955080081
0,0.937026266
0,0.918289923
0,0.847224291
0,0.778810771
0,0.731903002
0,0.385473482
0,0.283285394
0,0.902447978
0,0.775669865
0,0.291312603
0,0.652220856
0,0.557255274
1,0.999997954
1,0.999899511
1,0.999514189
0,0.392697829
0,0.979254140
0,0.932287219
0,0.375002788
0,0.660601876
1,0.999606929
0,0.999671278
0,0.989575776
1,0.996278450
0,0.639029209
1,0.996570945
1,0.999977532
0,0.972442971
0,0.655401500
0,0.324563229
0,0.296286354
1,0.998313283
1,-1000000000.000000000
0,0.983291105
0,0.914959815
1,0.999998572
0,0.465456767
1,0.985571113
0,0.996733627
0,0.977091926
0,0.466597064
0,0.421233025
1,0.991826139
1,-1000000000.000000000
1,-1000000000.000000000
1,0.999948113
1,-1000000000.000000000
1,0.984606275
0,0.966019849
0,0.880751407
0,0.713321541
0,0.269814818
0,0.988614807
0,0.985533260
0,0.696711921
0,0.370382171
1,0.999996441
0,0.998593529
0,0.435571142
0,0.332198049
0,0.991523037
0,0.328781366
1,0.998223838
0,0.888096551
1,0.999838938
0,0.785736286
0,0.774128968
0,0.989700554
0,0.959315068
0,0.935244966
0,0.911027737
0,0.841095127
0,0.823593962
1,0.999863316
0,0.674586750
0,0.925182374
0,0.863239803
0,0.732066053
0,0.460087050
0,0.445706586
0,0.394246616
0,0.338892209
1,0.993243529
0,0.833953691
1,0.998595032
0,0.943581899
0,0.923256381
0,0.735660376
0,0.729639813
0,0.558439173
0,0.271893559
1,0.999829455
0,0.915963499
0,0.864679793
0,0.806070187
0,0.656964482
0,0.946185501
1,0.999853711
1,0.998889833
0,0.962817306
0,0.889424871
0,0.871416586
0,0.577953811
0,0.409852456
0,0.885751195
0,0.658187739
0,0.568380489
0,0.533508664
0,0.354552114
0,0.346688382
1,0.975922727
0,0.951433495
0,0.281824908
1,0.785360437
0,0.981009557
0,0.971574465
0,0.901064087
1,0.999848122
0,0.898962927
1,0.997771794
0,0.915640601
0,0.750004387
0,0.406787288
0,0.397711664
1,0.999994522
1,0.999999041
0,0.998917335
0,0.483087686
0,0.316569379
0,0.300553476
1,0.999052594
0,0.516840649
0,0.484744036
1,0.999332271
0,0.991628905
0,0.876473957
0,0.663352228
0,0.653210961
0,0.446241006
0,0.424997786
0,0.354709036
1,0.999997153
0,0.739645151
0,0.603092516
0,0.298528420
1,0.999996421
0,0.890464988
0,0.454408666
0,0.432097912
0,0.282257284
1,0.969350377
1,0.997680734
0,0.973414162
0,0.749608111
0,0.646025910
0,0.998855424
0,0.821746662
0,0.708877645
0,0.636329715
0,0.616279208
0,0.277890454
1,0.999978651
0,0.997804634
0,0.936477964
0,0.869250887
0,0.803719434
0,0.766482823
0,0.541187091
0,0.326690638
1,0.986327785
1,0.999421552
0,0.955995815
0,0.907152738
0,0.999532305
1,0.999973674
1,0.999756268
1,-1000000000.000000000
0,0.925727984
0,0.724964226
0,0.631884384
0,0.501016967
0,0.983704801
0,0.405821442
0,0.279738074
1,0.999999904
1,0.999991543
0,0.940612814
0,0.899846478
0,0.782588902
0,0.431445222
1,0.999950827
0,0.793666625
1,0.999999729
0,0.356829590
1,0.998562881
1,0.999002578
0,0.819729702
0,0.654660613
0,0.544387254
0,0.872920908
0,0.766100938
0,0.686766236
0,0.353592427
0,0.273994251
0,0.737388055
0,0.721609984
0,0.545610599
0,0.466589849
1,0.999393345
1,-1000000000.000000000
0,0.579903721
1,0.995399785
1,0.999758814
0,0.433826162
0,0.327570878
0,0.317212388
1,0.998923382
0,0.997915840
0,0.980134616
0,0.971868845
0,0.934681184
0,0.901782699
0,0.883849188
0,0.813383937
0,0.788020181
0,0.784123528
0,0.623978094
0,0.526281901
0,0.406799716
0,0.393227434
0,0.282350369
1,0.999432308
0,0.739934662
0,0.380326744
0,0.365265284
0,0.321999378
1,0.999987044
0,0.616647655
0,0.411357711
0,0.370984729
0,0.285849265
0,0.882442414
0,0.880311095
0,0.538262160
0,0.472867475
0,0.288953722
0,0.991776648
0,0.977134198
1,0.994448906
0,0.273124884
0,0.984829136
0,0.937795788
0,0.883117424
0,0.836320164
0,0.788112095
0,0.787468296
0,0.828671701
0,0.481636803
0,0.450352890
0,0.996218484
1,0.999628056
0,0.701876039
0,0.487214140
1,0.999973523
1,0.994172421
0,0.930992498
0,0.638440892
1,0.999997905
1,0.999998793
0,0.526992757
0,0.279236410
1,0.986769063
1,0.999525927
0,0.785012660
0,0.348412359
0,0.322040641
1,0.999999919
1,0.999999033
1,0.999999371
0,0.481295249
1,0.998965417
1,0.996305115
1,0.999992124
0,0.860228345
0,0.956218777
0,0.629898683
1,0.996119675
1,0.999658864
1,0.742640410
0,0.990793540
0,0.819814741
0,0.415997670
0,0.414580431
1,0.999995094
1,0.999980795
1,0.999998653
0,0.994629668
0,0.973780140
0,0.933635408
0,0.893724890
0,0.883801801
0,0.842287838
1,0.999710184
0,0.999818509
0,0.749780084
0,0.689111964
0,0.526220215
0,0.415151105
1,0.999986481
0,0.920607558
1,0.998008288
0,0.995907292
0,0.962619874
0,0.668466886
0,0.665788167
0,0.617227652
0,0.504244699
0,0.370369939
1,0.999959456
1,0.999930418
1,0.999806106
0,0.962890880
0,0.833095974
0,0.376373278
1,-1000000000.000000000
1,0.999861999
1,0.478371892
0,0.928780935
0,0.516506268
0,0.281634328
1,0.999419611
0,0.995488229
0,0.972154053
0,0.964292268
0,0.591229748
0,0.999634806
0,0.944068060
0,0.615568453
0,0.321950711
1,0.999121365
1,0.428886884
1,0.999968815
0,0.842526940
0,0.480421549
1,0.999955612
0,0.929814428
0,0.923412360
0,0.438943249
0,0.277039368
0,0.981222679
0,0.944515379
0,0.934389696
0,0.480442268
0,0.279040198
1,0.999487189
1,0.999724241
0,0.992043450
0,0.968478210
0,0.949162818
0,0.693516133
0,0.274521290
0,0.984602920
0,0.510249847
1,0.999887846
1,0.996673595
1,0.999713477
0,0.955095522
0,0.444626353
1,0.949858588
0,0.455257726
0,0.393312189
1,0.999998797
1,0.998502160
0,0.992204076
0,0.925273816
0,0.712180969
0,0.298189713
0,0.892514184
0,0.544288599
0,0.309711209
1,0.999998364
1,0.999916659
1,0.999953033
1,0.995119055
1,0.999664123
0,0.390219323
0,0.814304936
0,0.545287375
1,0.999997263
1,-1000000000.000000000
0,0.853298764
1,0.999989986
0,0.895681664
0,0.757069065
0,0.407048059
0,0.319755655
1,0.999999972
1,0.999813946
1,0.954701459
1,0.990802952
0,0.682480440
1,-1000000000.000000000
0,0.739126571
0,0.690130656
0,0.598570250
0,0.398208061
0,0.937813644
1,0.999984941
0,0.997579457
0,0.734795804
0,0.385813097
0,0.995026736
0,0.649774075
1,0.999998581
0,0.731492703
1,0.999999417
0,0.575265316
1,0.999966801
0,0.941212154
0,0.834367553
0,0.368404142
0,0.322603184
1,0.993158844
0,0.981684162
0,0.826084281
0,0.765655309
0,0.626058996
0,0.581016630
1,0.999939728
0,0.377097475
0,0.271851600
1,0.999818605
0,0.996735584
0,0.712484261
0,0.337299668
1,0.996324606
0,0.899109956
0,0.355488279
1,0.649220454
1,0.605715575
0,0.972539931
0,0.953600172
0,0.913830071
0,0.551496711
0,0.516633446
1,0.996015439
0,0.984997842
0,0.965148382
0,0.852038967
0,0.999994320
0,0.975400234
0,0.899322186
0,0.691331832
0,0.682759360
0,0.290513939
1,-1000000000.000000000
0,0.971525989
0,0.968704812
0,0.685137494
0,0.431494468
0,0.933146993
0,0.922847660
1,0.999875402
0,0.951067668
0,0.757027405
0,0.347849222
0,0.868951718
1,0.989608783
1,-1000000000.000000000
0,0.951919260
0,0.606894189
1,0.993611967
1,0.999992574
0,0.556480317
1,0.999999935
1,0.999934078
1,0.999932991
0,0.288677127
1,0.990822220
1,0.997607631
0,0.469909118
0,0.906892681
0,0.802551389
0,0.587751435
0,0.388907194
0,0.372107994
0,0.293897040
1,0.999845236
0,0.638589565
0,0.575034843
0,0.523265001
0,0.503359507
0,0.406188276
0,0.279565565
1,0.999950381
0,0.611991665
1,0.999451698
1,0.998271725
0,0.980353493
0,0.915616546
0,0.513850602
0,0.292959780
1,0.999896027
0,0.929277773
1,-1000000000.000000000
0,0.894007216
0,0.695927042
0,0.665469997
0,0.524028737
0,0.381414285
0,0.304735489
1,0.999991990
1,0.999873592
0,0.993185663
1,0.999929288
1,0.999999148
0,0.917388022
0,0.272758588
0,0.988987385
0,0.973374892
0,0.946924792
0,0.878520706
0,0.848716156
0,0.680341585
0,0.607504014
0,0.405444373
0,0.326184850
1,0.999998401
0,0.879534153
0,0.273590318
0,0.271159529
0,0.952138925
0,0.688961981
0,0.462729095
1,0.999998236
1,-1000000000.000000000
0,0.949102616
1,0.999999187
0,0.777770000
1,0.996970313
1,0.999968319
1,0.999998129
0,0.922650929
0,0.820598503
0,0.704498258
0,0.379796800
0,0.327212648
0,0.319869902
1,0.999959715
1,0.996245327
0,0.986240523
0,0.971599541
0,0.890400740
0,0.837867947
0,0.796490417
0,0.486701531
0,0.391254884
0,0.944014356
0,0.730035646
0,0.715908080
0,0.668728057
0,0.657378846
0,0.574481273
0,0.485114798
1,0.999865250
0,0.773286599
0,0.704249628
0,0.472432110
1,0.887564223
0,0.995152440
0,0.903744169
0,0.893691684
0,0.892991637
0,0.665625294
0,0.659047266
0,0.633757533
0,0.547562825
0,0.338437350
0,0.314580924
0,0.272970274
1,0.999998862
0,0.943791335
0,0.677655693
0,0.545644757
0,0.295022797
1,0.997137324
1,0.999722914
0,0.961568907
1,-1000000000.000000000
1,0.999993526
1,0.999991145
0,0.995637090
0,0.972479851
0,0.894450782
0,0.702640854
0,0.627141288
0,0.545882124
0,0.535565657
0,0.439012302
0,0.405875262
0,0.379633050
0,0.367503127
0,0.326904317
0,0.316943681
1,0.999999509
0,0.492635319
1,0.999916606
1,0.990850678
1,0.996671598
0,0.335789621
1,0.999824286
0,0.994563567
0,0.974688754
0,0.963595677
0,0.777419365
0,0.674779427
1,-1000000000.000000000
0,0.999999327
0,0.445863507
0,0.680936328
1,0.999764405
1,0.999724088
0,0.991800515
0,0.954586354
0,0.878073545
0,0.863117487
0,0.448226606
0,0.403986073
0,0.299005725
1,0.999999376
0,0.975399649
0,0.959818203
0,0.952228761
0,0.935740845
0,0.869119083
0,0.361312709
0,0.527527961
0,0.495405810
0,0.338101353
0,0.388360205
1,0.998786707
0,0.993460211
0,0.988742725
0,0.338468744
0,0.337407430
1,0.997190703
1,0.999571730
0,0.758580046
0,0.743331612
0,0.437705091
0,0.398139833
1,0.999995987
1,0.999992005
1,0.999999721
1,0.999508902
1,0.999971506
1,0.996785613
0,0.749204341
0,0.725034671
0,0.716465495
0,0.547855780
1,0.999843636
1,0.994740468
0,0.721004456
1,0.999999673
0,0.946627348
1,0.995861064
0,0.998433613
0,0.679975099
0,0.518222481
0,0.321916414
0,0.276697456
1,0.999991151
0,0.631512984
0,0.996385699
0,0.985924751
0,0.674908650
0,0.565006709
0,0.289593300
0,0.278369423
1,0.999801741
1,0.999931743
1,-1000000000.000000000
1,0.973208324
1,0.999742529
0,0.959879436
0,0.905182955
0,0.804118412
0,0.270277651
1,0.999909571
0,0.780617758
0,0.685126274
0,0.429196421
1,0.996401263
1,0.999995359
1,0.999564289
1,0.999999644
0,0.519086028
0,0.489042494
0,0.978906860
0,0.972605692
0,0.948873677
0,0.763191142
0,0.666301001
0,0.614940513
0,0.557150328
0,0.531302000
0,0.280238417
0,0.661670580
1,0.999999088
0,0.990741964
0,0.930613356
0,0.312011072
0,0.292531985
0,0.984109365
0,0.749445087
1,0.999997498
1,-1000000000.000000000
1,-1000000000.000000000
1,0.997945162
1,-1000000000.000000000
0,0.973168097
0,0.914450477
0,0.887229162
0,0.574985673
0,0.439999935
0,0.371708395
0,0.286504629
1,0.995075768
1,0.929953184
1,0.999548198
1,0.999379111
0,0.439803390
1,0.999999887
0,0.926889225
0,0.699767593
0,0.640627079
0,0.567455645
1,0.999905463
1,0.996112219
1,0.974739781
0,0.981007825
0,0.910019403
0,0.887818274
0,0.602587678
0,0.497498425
0,0.442282892
1,0.989509067
1,0.998495185
1,0.999891937
1,0.999977456
1,0.999969056
1,0.999729095
1,0.984033358
0,0.990750322
0,0.748643845
0,0.572848903
1,0.998802669
0,0.933539202
1,0.999997156
1,0.929789159
0,0.988164359
0,0.881955783
0,0.671013151
0,0.602424706
0,0.407390721
0,0.299940967
0,0.553524617
0,0.335707299
1,0.990038947
1,0.977512413
0,0.748388840
0,0.680167861
1,0.999970271
1,0.999733851
0,0.986346248
0,0.827946989
0,0.747861866
0,0.408345415
1,0.999894965
0,0.749967910
0,0.554772121
0,0.547564720
0,0.586452189
0,0.416569939
1,-1000000000.000000000
0,0.999999200
0,0.839041299
0,0.644456996
0,0.302619074
1,0.999999303
1,0.999997193
0,0.392221101
1,0.999349151
1,0.999999818
0,0.589500498
1,0.999789248
0,0.896855124
1,0.999626666
1,0.999554030
1,0.999834167
1,0.999892403
1,0.953456661
0,0.993470235
0,0.981521560
0,0.978069765
0,0.858074471
0,0.493188431
0,0.986831576
0,0.979964410
0,0.969445829
0,0.821928337
0,0.697017018
0,0.577414978
0,0.433790671
0,0.320265063
0,0.307061470
1,0.997940834
0,0.958673488
0,0.957791918
0,0.786813648
1,-1000000000.000000000
1,-1000000000.000000000
1,-1000000000.000000000
1,-1000000000.000000000
0,0.999999224
0,0.999996242
0,0.999969907
0,0.999827535
0,0.999522891
0,0.999297500
0,0.999142944
0,0.998950576
0,0.997809682
0,0.997318253
0,0.996186950
0,0.986641992
0,0.984355887
0,0.965773073
0,0.964161575
0,0.938887918
0,0.935283417
0,0.923662852
0,0.915549947
0,0.898416210
0,0.761921803
0,0.642648464
0,0.584463545
0,0.420478864
0,0.359948203
0,0.996565280
0,0.995952082
0,0.984973421
0,0.962961642
0,0.878021767
0,0.835836441
0,0.820855991
0,0.737663866
0,0.655758527
0,0.429703493
0,0.344094292
0,0.983798391
0,0.888569370
0,0.449563495
0,0.269041415
1,0.990498226
0,0.967589876
1,-1000000000.000000000
1,0.999267489
0,0.990859207
0,0.534768408
1,-1000000000.000000000
0,0.868512838
1,0.999596349
0,0.985391216
0,0.968882444
0,0.952485143
0,0.926169375
0,0.922960099
0,0.898769295
0,0.757279291
0,0.671539780
0,0.993942024
0,0.963549014
0,0.462861863
0,0.984117438
0,0.751622074
0,0.542570033
0,0.420881177
1,0.999993936
1,0.990150335
1,0.997211339
0,0.841441902
0,0.321211060
1,0.998333428
1,0.999535970
